<?xml version="1.0" encoding="UTF-8"?>
<jcr:root xmlns:cq="http://www.day.com/jcr/cq/1.0" xmlns:jcr="http://www.jcp.org/jcr/1.0" xmlns:nt="http://www.jcp.org/jcr/nt/1.0"
    jcr:primaryType="cq:EditConfig">
    <cq:inplaceEditing
        jcr:primaryType="cq:InplaceEditingConfig"
        active="{Boolean}true"
        editorType="text">
        <config jcr:primaryType="nt:unstructured">
            <rtePlugins jcr:primaryType="nt:unstructured">
                <links
                    jcr:primaryType="nt:unstructured"
                    features="*"/>
                <edit
                    jcr:primaryType="nt:unstructured"
                    features="*"/>
                <findreplace
                    jcr:primaryType="nt:unstructured"
                    features="*"/>
                <format
                    jcr:primaryType="nt:unstructured"
                    features="*"/>
                <keys
                    jcr:primaryType="nt:unstructured"
                    features="*"/>
                <justify
                    jcr:primaryType="nt:unstructured"
                    features="*"/>
                <lists
                    jcr:primaryType="nt:unstructured"
                    features="*"/>
                <misctools
                    jcr:primaryType="nt:unstructured"
                    features="*">
                    <specialCharsConfig jcr:primaryType="nt:unstructured">
                        <chars jcr:primaryType="nt:unstructured">
                            <half
                                jcr:primaryType="nt:unstructured"
                                entity="1/2"/>
                            <copyright
                                jcr:primaryType="nt:unstructured"
                                entity="&amp;copy;"/>
                            <registered
                                jcr:primaryType="nt:unstructured"
                                entity="&amp;reg;"/>
                            <trademark
                                jcr:primaryType="nt:unstructured"
                                entity="&amp;trade;"/>
                        </chars>
                    </specialCharsConfig>
                </misctools>
                <paraformat
                    jcr:primaryType="nt:unstructured"
                    features="*">
                    <formats jcr:primaryType="nt:unstructured">
                        <p
                            jcr:primaryType="nt:unstructured"
                            description="Paragraph"
                            tag="p"/>
                        <h1
                            jcr:primaryType="nt:unstructured"
                            description="Heading1"
                            tag="h1"/>
                        <h2
                            jcr:primaryType="nt:unstructured"
                            description="Heading2"
                            tag="h2"/>
                        <h3
                            jcr:primaryType="nt:unstructured"
                            description="Heading3"
                            tag="h3"/>
                        <h4
                            jcr:primaryType="nt:unstructured"
                            description="Heading4"
                            tag="h4"/>
                        <div
                            jcr:primaryType="nt:unstructured"
                            description="div"
                            tag="div"/>
                    </formats>
                </paraformat>
                <spellcheck
                    jcr:primaryType="nt:unstructured"
                    features="*"/>
                <subsuperscript
                    jcr:primaryType="nt:unstructured"
                    features="*"/>
                <table
                    jcr:primaryType="nt:unstructured"
                    features="*"/>
                <undo
                    jcr:primaryType="nt:unstructured"
                    features="*"/>
                <image
                    jcr:primaryType="nt:unstructured"
                    features="*"/>
                <customstyles
                    jcr:primaryType="nt:unstructured"
                    features="*">
                    <customstyles jcr:primaryType="cq:WidgetCollection">
                        <strike
                            jcr:primaryType="nt:unstructured"
                            cssName="strikethrough"
                            text="strike"/>
                    </customstyles>
                </customstyles>
                <tablestyles
                    jcr:primaryType="nt:unstructured"
                    features="*">
                    <tablestyles jcr:primaryType="cq:WidgetCollection">
                        <red
                            jcr:primaryType="nt:unstructured"
                            cssName="red"
                            text="Remove applied styles"/>
                    </tablestyles>
                </tablestyles>
                <liststyles
                    jcr:primaryType="nt:unstructured"
                    features="*">
                    <liststyles jcr:primaryType="cq:WidgetCollection">
                        <red
                            jcr:primaryType="nt:unstructured"
                            cssName="red"
                            text="Remove applied styles"/>
                    </liststyles>
                </liststyles>
            </rtePlugins>
        </config>
    </cq:inplaceEditing>
</jcr:root>
