<?xml version="1.0" encoding="UTF-8"?>
<jcr:root xmlns:sling="http://sling.apache.org/jcr/sling/1.0" xmlns:cq="http://www.day.com/jcr/cq/1.0" xmlns:jcr="http://www.jcp.org/jcr/1.0" xmlns:nt="http://www.jcp.org/jcr/nt/1.0"
    jcr:primaryType="nt:unstructured"
    sling:resourceType="cq/gui/components/authoring/dialog">
    <content
        jcr:primaryType="nt:unstructured"
        sling:resourceType="granite/ui/components/foundation/container">
        <layout
            jcr:primaryType="nt:unstructured"
            sling:resourceType="granite/ui/components/foundation/layouts/fixedcolumns"/>
        <items jcr:primaryType="nt:unstructured">
            <column
                jcr:primaryType="nt:unstructured"
                sling:resourceType="granite/ui/components/foundation/container">
                <items jcr:primaryType="nt:unstructured">
                    <text
                        jcr:primaryType="nt:unstructured"
                        sling:resourceType="granite/ui/components/foundation/form/textfield"
                        name="./text">
                        <rtePlugins jcr:primaryType="nt:unstructured">
                            <links
                                jcr:primaryType="nt:unstructured"
                                features="*"/>
                            <edit
                                jcr:primaryType="nt:unstructured"
                                features="*"/>
                            <findreplace
                                jcr:primaryType="nt:unstructured"
                                features="*"/>
                            <format
                                jcr:primaryType="nt:unstructured"
                                features="*"/>
                            <image
                                jcr:primaryType="nt:unstructured"
                                features="*"/>
                            <keys
                                jcr:primaryType="nt:unstructured"
                                features="*"/>
                            <justify
                                jcr:primaryType="nt:unstructured"
                                features="*"/>
                            <lists
                                jcr:primaryType="nt:unstructured"
                                features="*"/>
                            <paraformat jcr:primaryType="nt:unstructured">
                                <formats jcr:primaryType="nt:unstructured">
                                    <p
                                        jcr:primaryType="nt:unstructured"
                                        description="Paragraph"
                                        tag="p"/>
                                    <h1
                                        jcr:primaryType="nt:unstructured"
                                        description="Heading1"
                                        tag="h1"/>
                                    <h2
                                        jcr:primaryType="nt:unstructured"
                                        description="Heading2"
                                        tag="h2"/>
                                    <h3
                                        jcr:primaryType="nt:unstructured"
                                        description="Heading3"
                                        tag="h3"/>
                                    <h4
                                        jcr:primaryType="nt:unstructured"
                                        description="Heading4"
                                        tag="h4"/>
                                </formats>
                            </paraformat>
                            <spellcheck
                                jcr:primaryType="nt:unstructured"
                                features="*"/>
                            <styles
                                jcr:primaryType="nt:unstructured"
                                features="*"/>
                            <subsuperscript
                                jcr:primaryType="nt:unstructured"
                                features="*"/>
                            <table
                                jcr:primaryType="nt:unstructured"
                                features="*"/>
                            <undo
                                jcr:primaryType="nt:unstructured"
                                features="*"/>
                            <misctools
                                jcr:primaryType="nt:unstructured"
                                features="*">
                                <specialCharsConfig jcr:primaryType="nt:unstructured">
                                    <chars jcr:primaryType="nt:unstructured">
                                        <copyright
                                            jcr:primaryType="nt:unstructured"
                                            entity="&amp;#169;"/>
                                        <trademark
                                            jcr:primaryType="nt:unstructured"
                                            entity="&amp;#8482;"/>
                                        <registered
                                            jcr:primaryType="nt:unstructured"
                                            entity="&amp;#174;"/>
                                        <emDash
                                            jcr:primaryType="nt:unstructured"
                                            entity="&amp;#8212;"/>
                                        <pound
                                            jcr:primaryType="nt:unstructured"
                                            entity="&amp;#163;"/>
                                        <nbsp
                                            jcr:primaryType="nt:unstructured"
                                            entity="&amp;#160;"/>
                                    </chars>
                                </specialCharsConfig>
                            </misctools>
                        </rtePlugins>
                    </text>
                </items>
            </column>
        </items>
    </content>
</jcr:root>
